ID 1	ID 2	Label 1	Label 2	AAI	CDS count 1	CDS count 2	Matched count	Proteome cov.	ID param.	Cov. param.
957114941	957114941	GCF_000021565.1	GCF_000021565.1	100.000000	2067	2067	2064	0.998549	0.400000	0.500000
957114941	253933821	GCF_000021565.1	GCF_000619805.1	65.018588	2067	1701	1197	0.635350	0.400000	0.500000
957114941	1013798752	GCF_000021565.1	GCF_003688665.1	67.896667	2067	1704	1290	0.684169	0.400000	0.500000
253933821	957114941	GCF_000619805.1	GCF_000021565.1	65.018588	1701	2067	1197	0.635350	0.400000	0.500000
253933821	253933821	GCF_000619805.1	GCF_000619805.1	100.000000	1701	1701	1697	0.997648	0.400000	0.500000
253933821	1013798752	GCF_000619805.1	GCF_003688665.1	64.735790	1701	1704	1126	0.661380	0.400000	0.500000
1013798752	957114941	GCF_003688665.1	GCF_000021565.1	67.896667	1704	2067	1290	0.684169	0.400000	0.500000
1013798752	253933821	GCF_003688665.1	GCF_000619805.1	64.735790	1704	1701	1126	0.661380	0.400000	0.500000
1013798752	1013798752	GCF_003688665.1	GCF_003688665.1	100.000000	1704	1704	1702	0.998826	0.400000	0.500000
