ID 1	ID 2	Label 1	Label 2	AAI	CDS count 1	CDS count 2	Matched count	Proteome cov.	ID param.	Cov. param.
97493312	97493312	GCF_004358345.1	GCF_004358345.1	100.000000	4245	4245	4090	0.963486	0.400000	0.500000
97493312	855251071	GCF_004358345.1	GCF_016406325.1	69.902474	4245	3817	1920	0.476309	0.400000	0.500000
855251071	97493312	GCF_016406325.1	GCF_004358345.1	69.902474	3817	4245	1920	0.476309	0.400000	0.500000
855251071	855251071	GCF_016406325.1	GCF_016406325.1	100.000000	3817	3817	3811	0.998428	0.400000	0.500000
