ID 1	ID 2	Label 1	Label 2	AAI	CDS count 1	CDS count 2	Matched count	Proteome cov.	ID param.	Cov. param.
683261467	683261467	GCF_000014725.1	GCF_000014725.1	100.000000	2660	2660	2617	0.983835	0.400000	0.500000
683261467	950885548	GCF_000014725.1	GCF_900129805.1	64.471513	2660	2201	1262	0.519235	0.400000	0.500000
950885548	683261467	GCF_900129805.1	GCF_000014725.1	64.471513	2201	2660	1262	0.519235	0.400000	0.500000
950885548	950885548	GCF_900129805.1	GCF_900129805.1	100.000000	2201	2201	2193	0.996365	0.400000	0.500000
