ID 1	ID 2	Label 1	Label 2	AAI	CDS count 1	CDS count 2	Matched count	Proteome cov.	ID param.	Cov. param.
675064449	675064449	GCF_002257665.1	GCF_002257665.1	100.000000	3729	3729	3726	0.999195	0.400000	0.500000
675064449	937147	GCF_002257665.1	GCF_002283365.1	64.605074	3729	4240	2296	0.576233	0.400000	0.500000
937147	675064449	GCF_002283365.1	GCF_002257665.1	64.605074	4240	3729	2296	0.576233	0.400000	0.500000
937147	937147	GCF_002283365.1	GCF_002283365.1	100.000000	4240	4240	4234	0.998585	0.400000	0.500000
