ID 1	ID 2	Label 1	Label 2	AAI	CDS count 1	CDS count 2	Matched count	Proteome cov.	ID param.	Cov. param.
15362308	15362308	GCF_003628755.1	GCF_003628755.1	100.000000	2807	2807	2756	0.981831	0.400000	0.500000
15362308	962739409	GCF_003628755.1	GCF_014384805.1	59.413102	2807	2107	935	0.380545	0.400000	0.500000
962739409	15362308	GCF_014384805.1	GCF_003628755.1	59.413102	2107	2807	935	0.380545	0.400000	0.500000
962739409	962739409	GCF_014384805.1	GCF_014384805.1	100.000000	2107	2107	2106	0.999525	0.400000	0.500000
