ID 1	ID 2	Label 1	Label 2	AAI	CDS count 1	CDS count 2	Matched count	Proteome cov.	ID param.	Cov. param.
246226170	246226170	GCF_000745455.1	GCF_000745455.1	100.000000	2070	2070	2060	0.995169	0.400000	0.500000
246226170	511182175	GCF_000745455.1	GCF_009936215.1	63.343968	2070	1980	1235	0.609877	0.400000	0.500000
511182175	246226170	GCF_009936215.1	GCF_000745455.1	63.343968	1980	2070	1235	0.609877	0.400000	0.500000
511182175	511182175	GCF_009936215.1	GCF_009936215.1	100.000000	1980	1980	1961	0.990404	0.400000	0.500000
