ID 1	ID 2	Label 1	Label 2	AAI	CDS count 1	CDS count 2	Matched count	Proteome cov.	ID param.	Cov. param.
884936992	884936992	GCF_000620985.1	GCF_000620985.1	100.000000	2476	2476	2468	0.996769	0.400000	0.500000
884936992	229283156	GCF_000620985.1	GCF_900187225.1	60.564210	2476	2816	1228	0.464097	0.400000	0.500000
229283156	884936992	GCF_900187225.1	GCF_000620985.1	60.564210	2816	2476	1228	0.464097	0.400000	0.500000
229283156	229283156	GCF_900187225.1	GCF_900187225.1	100.000000	2816	2816	2806	0.996449	0.400000	0.500000
