ID 1	ID 2	Label 1	Label 2	AAI	CDS count 1	CDS count 2	Matched count	Proteome cov.	ID param.	Cov. param.
129557497	129557497	GCF_000469585.1	GCF_000469585.1	100.000000	2557	2557	2552	0.998045	0.400000	0.500000
129557497	895881311	GCF_000469585.1	GCF_014203025.1	61.684953	2557	2200	1276	0.536473	0.400000	0.500000
895881311	129557497	GCF_014203025.1	GCF_000469585.1	61.684953	2200	2557	1276	0.536473	0.400000	0.500000
895881311	895881311	GCF_014203025.1	GCF_014203025.1	100.000000	2200	2200	2198	0.999091	0.400000	0.500000
