ID 1	ID 2	Label 1	Label 2	AAI	CDS count 1	CDS count 2	Matched count	Proteome cov.	ID param.	Cov. param.
571569690	571569690	GCA_012999515.1	GCA_012999515.1	100.000000	2919	2919	2919	1.000000	0.400000	0.500000
571569690	685441122	GCA_012999515.1	GCF_000215955.2	63.511572	2919	3480	1253	0.391624	0.400000	0.500000
685441122	571569690	GCF_000215955.2	GCA_012999515.1	63.511572	3480	2919	1253	0.391624	0.400000	0.500000
685441122	685441122	GCF_000215955.2	GCF_000215955.2	100.000000	3480	3480	3479	0.999713	0.400000	0.500000
