ID 1	ID 2	Label 1	Label 2	AAI	CDS count 1	CDS count 2	Matched count	Proteome cov.	ID param.	Cov. param.
838844671	838844671	GCF_000025985.1	GCF_000025985.1	100.000000	4348	4348	4348	1.000000	0.400000	0.500000
838844671	883508865	GCF_000025985.1	GCF_000312445.1	65.721682	4348	2083	1266	0.393718	0.400000	0.500000
838844671	918770850	GCF_000025985.1	GCF_900128475.1	73.722071	4348	3327	1758	0.458111	0.400000	0.500000
883508865	838844671	GCF_000312445.1	GCF_000025985.1	65.721682	2083	4348	1266	0.393718	0.400000	0.500000
883508865	883508865	GCF_000312445.1	GCF_000312445.1	100.000000	2083	2083	2080	0.998560	0.400000	0.500000
883508865	918770850	GCF_000312445.1	GCF_900128475.1	65.981978	2083	3327	1193	0.441035	0.400000	0.500000
918770850	838844671	GCF_900128475.1	GCF_000025985.1	73.722071	3327	4348	1758	0.458111	0.400000	0.500000
918770850	883508865	GCF_900128475.1	GCF_000312445.1	65.981978	3327	2083	1193	0.441035	0.400000	0.500000
918770850	918770850	GCF_900128475.1	GCF_900128475.1	100.000000	3327	3327	3275	0.984370	0.400000	0.500000
