ID 1	ID 2	Label 1	Label 2	AAI	CDS count 1	CDS count 2	Matched count	Proteome cov.	ID param.	Cov. param.
589808192	589808192	GCF_015100395.1	GCF_015100395.1	100.000000	1784	1784	1781	0.998318	0.400000	0.500000
589808192	1000280200	GCF_015100395.1	GCF_900176045.1	67.229781	1784	1976	1276	0.678723	0.400000	0.500000
1000280200	589808192	GCF_900176045.1	GCF_015100395.1	67.229781	1976	1784	1276	0.678723	0.400000	0.500000
1000280200	1000280200	GCF_900176045.1	GCF_900176045.1	100.000000	1976	1976	1970	0.996964	0.400000	0.500000
