ID 1	ID 2	Label 1	Label 2	AAI	CDS count 1	CDS count 2	Matched count	Proteome cov.	ID param.	Cov. param.
121423238	121423238	GCA_003148465.1	GCA_003148465.1	100.000000	2680	2680	2663	0.993657	0.400000	0.500000
121423238	407881401	GCA_003148465.1	GCF_002895605.1	59.582307	2680	1976	1088	0.467354	0.400000	0.500000
121423238	963872150	GCA_003148465.1	GCF_014701195.1	61.667744	2680	2328	1330	0.531150	0.400000	0.500000
407881401	121423238	GCF_002895605.1	GCA_003148465.1	59.582307	1976	2680	1088	0.467354	0.400000	0.500000
407881401	407881401	GCF_002895605.1	GCF_002895605.1	100.000000	1976	1976	1973	0.998482	0.400000	0.500000
407881401	963872150	GCF_002895605.1	GCF_014701195.1	58.998883	1976	2328	1074	0.499071	0.400000	0.500000
963872150	121423238	GCF_014701195.1	GCA_003148465.1	61.667744	2328	2680	1330	0.531150	0.400000	0.500000
963872150	407881401	GCF_014701195.1	GCF_002895605.1	58.998883	2328	1976	1074	0.499071	0.400000	0.500000
963872150	963872150	GCF_014701195.1	GCF_014701195.1	100.000000	2328	2328	2303	0.989261	0.400000	0.500000
