ID 1	ID 2	Label 1	Label 2	AAI	CDS count 1	CDS count 2	Matched count	Proteome cov.	ID param.	Cov. param.
664624989	664624989	GCF_000710775.1	GCF_000710775.1	100.000000	4602	4602	4581	0.995437	0.400000	0.500000
664624989	73139058	GCF_000710775.1	GCF_018263925.1	63.912367	4602	4349	2062	0.460731	0.400000	0.500000
73139058	664624989	GCF_018263925.1	GCF_000710775.1	63.912367	4349	4602	2062	0.460731	0.400000	0.500000
73139058	73139058	GCF_018263925.1	GCF_018263925.1	100.000000	4349	4349	4347	0.999540	0.400000	0.500000
