ID 1	ID 2	Label 1	Label 2	AAI	CDS count 1	CDS count 2	Matched count	Proteome cov.	ID param.	Cov. param.
739536666	739536666	GCF_000012845.1	GCF_000012845.1	100.000000	4003	4003	3985	0.995503	0.400000	0.500000
739536666	102327654	GCF_000012845.1	GCF_001006485.1	67.293872	4003	2837	1387	0.405556	0.400000	0.500000
102327654	739536666	GCF_001006485.1	GCF_000012845.1	67.293872	2837	4003	1387	0.405556	0.400000	0.500000
102327654	102327654	GCF_001006485.1	GCF_001006485.1	100.000000	2837	2837	2819	0.993655	0.400000	0.500000
