ID 1	ID 2	Label 1	Label 2	AAI	CDS count 1	CDS count 2	Matched count	Proteome cov.	ID param.	Cov. param.
599101892	599101892	GCF_000017565.1	GCF_000017565.1	100.000000	3690	3690	3633	0.984553	0.400000	0.500000
599101892	524794701	GCF_000017565.1	GCF_000739695.1	65.879341	3690	3380	2154	0.609335	0.400000	0.500000
524794701	599101892	GCF_000739695.1	GCF_000017565.1	65.879341	3380	3690	2154	0.609335	0.400000	0.500000
524794701	524794701	GCF_000739695.1	GCF_000739695.1	100.000000	3380	3380	3375	0.998521	0.400000	0.500000
