ID 1	ID 2	Label 1	Label 2	AAI	CDS count 1	CDS count 2	Matched count	Proteome cov.	ID param.	Cov. param.
202350564	202350564	GCA_003722315.1	GCA_003722315.1	100.000000	2845	2845	2707	0.951494	0.400000	0.500000
202350564	1068024510	GCA_003722315.1	GCF_004345675.1	81.746480	2845	2649	1818	0.661813	0.400000	0.500000
1068024510	202350564	GCF_004345675.1	GCA_003722315.1	81.746480	2649	2845	1818	0.661813	0.400000	0.500000
1068024510	1068024510	GCF_004345675.1	GCF_004345675.1	100.000000	2649	2649	2648	0.999622	0.400000	0.500000
