ID 1	ID 2	Label 1	Label 2	AAI	CDS count 1	CDS count 2	Matched count	Proteome cov.	ID param.	Cov. param.
788384288	788384288	GCF_000426505.1	GCF_000426505.1	100.000000	4273	4273	4271	0.999532	0.400000	0.500000
788384288	45700615	GCF_000426505.1	GCF_900102465.1	62.375251	4273	5063	2588	0.554413	0.400000	0.500000
45700615	788384288	GCF_900102465.1	GCF_000426505.1	62.375251	5063	4273	2588	0.554413	0.400000	0.500000
45700615	45700615	GCF_900102465.1	GCF_900102465.1	100.000000	5063	5063	5042	0.995852	0.400000	0.500000
