ID 1	ID 2	Label 1	Label 2	AAI	CDS count 1	CDS count 2	Matched count	Proteome cov.	ID param.	Cov. param.
797599325	797599325	GCF_000010785.1	GCF_000010785.1	100.000000	1897	1897	1895	0.998946	0.400000	0.500000
797599325	616372895	GCF_000010785.1	GCF_000512735.1	68.391204	1897	1625	1296	0.735945	0.400000	0.500000
797599325	881445086	GCF_000010785.1	GCF_003664005.1	63.931965	1897	1897	1242	0.654718	0.400000	0.500000
616372895	797599325	GCF_000512735.1	GCF_000010785.1	68.391204	1625	1897	1296	0.735945	0.400000	0.500000
616372895	616372895	GCF_000512735.1	GCF_000512735.1	100.000000	1625	1625	1623	0.998769	0.400000	0.500000
616372895	881445086	GCF_000512735.1	GCF_003664005.1	63.354142	1625	1897	1183	0.671777	0.400000	0.500000
881445086	797599325	GCF_003664005.1	GCF_000010785.1	63.931965	1897	1897	1242	0.654718	0.400000	0.500000
881445086	616372895	GCF_003664005.1	GCF_000512735.1	63.354142	1897	1625	1183	0.671777	0.400000	0.500000
881445086	881445086	GCF_003664005.1	GCF_003664005.1	100.000000	1897	1897	1897	1.000000	0.400000	0.500000
