ID 1	ID 2	Label 1	Label 2	AAI	CDS count 1	CDS count 2	Matched count	Proteome cov.	ID param.	Cov. param.
636002590	636002590	GCF_000006985.1	GCF_000006985.1	100.000000	2007	2007	2002	0.997509	0.400000	0.500000
636002590	986667613	GCF_000006985.1	GCF_000020465.1	68.066206	2007	2556	1484	0.650449	0.400000	0.500000
636002590	984939735	GCF_000006985.1	GCF_000020625.1	65.712581	2007	2394	1391	0.632129	0.400000	0.500000
986667613	636002590	GCF_000020465.1	GCF_000006985.1	68.066206	2556	2007	1484	0.650449	0.400000	0.500000
986667613	986667613	GCF_000020465.1	GCF_000020465.1	100.000000	2556	2556	2540	0.993740	0.400000	0.500000
986667613	984939735	GCF_000020465.1	GCF_000020625.1	66.586940	2556	2394	1562	0.631111	0.400000	0.500000
984939735	636002590	GCF_000020625.1	GCF_000006985.1	65.712581	2394	2007	1391	0.632129	0.400000	0.500000
984939735	986667613	GCF_000020625.1	GCF_000020465.1	66.586940	2394	2556	1562	0.631111	0.400000	0.500000
984939735	984939735	GCF_000020625.1	GCF_000020625.1	100.000000	2394	2394	2387	0.997076	0.400000	0.500000
