ID 1	ID 2	Label 1	Label 2	AAI	CDS count 1	CDS count 2	Matched count	Proteome cov.	ID param.	Cov. param.
582432287	582432287	GCF_000270185.1	GCF_000270185.1	100.000000	1951	1951	1938	0.993337	0.400000	0.500000
582432287	851594920	GCF_000270185.1	GCF_000392875.1	70.557229	1951	2817	1155	0.484480	0.400000	0.500000
582432287	746974853	GCF_000270185.1	GCF_003841405.1	64.555114	1951	2586	919	0.405114	0.400000	0.500000
851594920	582432287	GCF_000392875.1	GCF_000270185.1	70.557229	2817	1951	1155	0.484480	0.400000	0.500000
851594920	851594920	GCF_000392875.1	GCF_000392875.1	100.000000	2817	2817	2797	0.992900	0.400000	0.500000
851594920	746974853	GCF_000392875.1	GCF_003841405.1	65.509368	2817	2586	1265	0.468258	0.400000	0.500000
746974853	582432287	GCF_003841405.1	GCF_000270185.1	64.555114	2586	1951	919	0.405114	0.400000	0.500000
746974853	851594920	GCF_003841405.1	GCF_000392875.1	65.509368	2586	2817	1265	0.468258	0.400000	0.500000
746974853	746974853	GCF_003841405.1	GCF_003841405.1	100.000000	2586	2586	2503	0.967904	0.400000	0.500000
