ID 1	ID 2	Label 1	Label 2	AAI	CDS count 1	CDS count 2	Matched count	Proteome cov.	ID param.	Cov. param.
624488735	624488735	GCF_000213555.1	GCF_000213555.1	100.000000	4214	4214	4198	0.996203	0.400000	0.500000
624488735	981528073	GCF_000213555.1	GCF_000380985.1	62.193672	4214	3878	1612	0.398418	0.400000	0.500000
624488735	1065060672	GCF_000213555.1	GCF_004138125.1	62.731822	4214	2469	1301	0.389346	0.400000	0.500000
981528073	624488735	GCF_000380985.1	GCF_000213555.1	62.193672	3878	4214	1612	0.398418	0.400000	0.500000
981528073	981528073	GCF_000380985.1	GCF_000380985.1	100.000000	3878	3878	3861	0.995616	0.400000	0.500000
981528073	1065060672	GCF_000380985.1	GCF_004138125.1	70.707278	3878	2469	1580	0.497873	0.400000	0.500000
1065060672	624488735	GCF_004138125.1	GCF_000213555.1	62.731822	2469	4214	1301	0.389346	0.400000	0.500000
1065060672	981528073	GCF_004138125.1	GCF_000380985.1	70.707278	2469	3878	1580	0.497873	0.400000	0.500000
1065060672	1065060672	GCF_004138125.1	GCF_004138125.1	100.000000	2469	2469	2465	0.998380	0.400000	0.500000
