ID 1	ID 2	Label 1	Label 2	AAI	CDS count 1	CDS count 2	Matched count	Proteome cov.	ID param.	Cov. param.
37949513	37949513	GCF_000242615.2	GCF_000242615.2	100.000000	3639	3639	3615	0.993405	0.400000	0.500000
37949513	848651481	GCF_000242615.2	GCF_000428885.1	65.212795	3639	2970	1399	0.423362	0.400000	0.500000
848651481	37949513	GCF_000428885.1	GCF_000242615.2	65.212795	2970	3639	1399	0.423362	0.400000	0.500000
848651481	848651481	GCF_000428885.1	GCF_000428885.1	100.000000	2970	2970	2966	0.998653	0.400000	0.500000
