ID 1	ID 2	Label 1	Label 2	AAI	CDS count 1	CDS count 2	Matched count	Proteome cov.	ID param.	Cov. param.
742307229	742307229	GCF_000012545.1	GCF_000012545.1	100.000000	1593	1593	1591	0.998745	0.400000	0.500000
742307229	874861990	GCF_000012545.1	GCF_000024185.1	56.657212	1593	2249	832	0.433108	0.400000	0.500000
742307229	643795645	GCF_000012545.1	GCF_001316325.1	57.919802	1593	3521	707	0.276496	0.400000	0.500000
874861990	742307229	GCF_000024185.1	GCF_000012545.1	56.657212	2249	1593	832	0.433108	0.400000	0.500000
874861990	874861990	GCF_000024185.1	GCF_000024185.1	100.000000	2249	2249	2241	0.996443	0.400000	0.500000
874861990	643795645	GCF_000024185.1	GCF_001316325.1	58.866038	2249	3521	742	0.257192	0.400000	0.500000
643795645	742307229	GCF_001316325.1	GCF_000012545.1	57.919802	3521	1593	707	0.276496	0.400000	0.500000
643795645	874861990	GCF_001316325.1	GCF_000024185.1	58.866038	3521	2249	742	0.257192	0.400000	0.500000
643795645	643795645	GCF_001316325.1	GCF_001316325.1	100.000000	3521	3521	3521	1.000000	0.400000	0.500000
