ID 1	ID 2	Label 1	Label 2	AAI	CDS count 1	CDS count 2	Matched count	Proteome cov.	ID param.	Cov. param.
329622697	329622697	GCF_017377855.1	GCF_017377855.1	100.000000	6874	6874	6690	0.973232	0.400000	0.500000
329622697	421698105	GCF_017377855.1	GCF_017498545.1	63.969399	6874	7057	4008	0.575407	0.400000	0.500000
421698105	329622697	GCF_017498545.1	GCF_017377855.1	63.969399	7057	6874	4008	0.575407	0.400000	0.500000
421698105	421698105	GCF_017498545.1	GCF_017498545.1	100.000000	7057	7057	7018	0.994474	0.400000	0.500000
