ID 1	ID 2	Label 1	Label 2	AAI	CDS count 1	CDS count 2	Matched count	Proteome cov.	ID param.	Cov. param.
378490145	378490145	GCF_000196175.1	GCF_000196175.1	100.000000	3554	3554	3553	0.999719	0.400000	0.500000
378490145	879746241	GCF_000196175.1	GCF_000348725.1	60.330148	3554	2641	1350	0.435835	0.400000	0.500000
879746241	378490145	GCF_000348725.1	GCF_000196175.1	60.330148	2641	3554	1350	0.435835	0.400000	0.500000
879746241	879746241	GCF_000348725.1	GCF_000348725.1	100.000000	2641	2641	2640	0.999621	0.400000	0.500000
