ID 1	ID 2	Label 1	Label 2	AAI	CDS count 1	CDS count 2	Matched count	Proteome cov.	ID param.	Cov. param.
677398725	677398725	GCF_000260135.1	GCF_000260135.1	100.000000	4618	4618	4430	0.959290	0.400000	0.500000
677398725	1060569466	GCF_000260135.1	GCF_000419525.1	60.708454	4618	4683	1591	0.342114	0.400000	0.500000
677398725	772989635	GCF_000260135.1	GCF_004339015.1	60.910861	4618	4027	1579	0.365298	0.400000	0.500000
1060569466	677398725	GCF_000419525.1	GCF_000260135.1	60.708454	4683	4618	1591	0.342114	0.400000	0.500000
1060569466	1060569466	GCF_000419525.1	GCF_000419525.1	100.000000	4683	4683	4668	0.996797	0.400000	0.500000
1060569466	772989635	GCF_000419525.1	GCF_004339015.1	62.816931	4683	4027	2079	0.477382	0.400000	0.500000
772989635	677398725	GCF_004339015.1	GCF_000260135.1	60.910861	4027	4618	1579	0.365298	0.400000	0.500000
772989635	1060569466	GCF_004339015.1	GCF_000419525.1	62.816931	4027	4683	2079	0.477382	0.400000	0.500000
772989635	772989635	GCF_004339015.1	GCF_004339015.1	100.000000	4027	4027	4026	0.999752	0.400000	0.500000
