ID 1	ID 2	Label 1	Label 2	AAI	CDS count 1	CDS count 2	Matched count	Proteome cov.	ID param.	Cov. param.
713459190	713459190	GCF_000009045.1	GCF_000009045.1	100.000000	4236	4236	4219	0.995987	0.400000	0.500000
713459190	722089493	GCF_000009045.1	GCF_001591625.1	65.880345	4236	4557	1941	0.441488	0.400000	0.500000
722089493	713459190	GCF_001591625.1	GCF_000009045.1	65.880345	4557	4236	1941	0.441488	0.400000	0.500000
722089493	722089493	GCF_001591625.1	GCF_001591625.1	100.000000	4557	4557	4556	0.999781	0.400000	0.500000
