ID 1	ID 2	Label 1	Label 2	AAI	CDS count 1	CDS count 2	Matched count	Proteome cov.	ID param.	Cov. param.
477651238	477651238	GCF_001310955.1	GCF_001310955.1	100.000000	4136	4136	4136	1.000000	0.400000	0.500000
477651238	610223047	GCF_001310955.1	GCF_002843385.1	75.601689	4136	4224	2634	0.630144	0.400000	0.500000
477651238	52174817	GCF_001310955.1	GCF_004217115.1	70.830994	4136	3281	2294	0.618579	0.400000	0.500000
610223047	477651238	GCF_002843385.1	GCF_001310955.1	75.601689	4224	4136	2634	0.630144	0.400000	0.500000
610223047	610223047	GCF_002843385.1	GCF_002843385.1	100.000000	4224	4224	4222	0.999527	0.400000	0.500000
610223047	52174817	GCF_002843385.1	GCF_004217115.1	71.118582	4224	3281	2236	0.595869	0.400000	0.500000
52174817	477651238	GCF_004217115.1	GCF_001310955.1	70.830994	3281	4136	2294	0.618579	0.400000	0.500000
52174817	610223047	GCF_004217115.1	GCF_002843385.1	71.118582	3281	4224	2236	0.595869	0.400000	0.500000
52174817	52174817	GCF_004217115.1	GCF_004217115.1	100.000000	3281	3281	3281	1.000000	0.400000	0.500000
