ID 1	ID 2	Label 1	Label 2	AAI	CDS count 1	CDS count 2	Matched count	Proteome cov.	ID param.	Cov. param.
349780127	349780127	GCF_000379765.1	GCF_000379765.1	100.000000	7347	7347	7325	0.997006	0.400000	0.500000
349780127	584963545	GCF_000379765.1	GCF_003149185.1	58.730584	7347	5040	1867	0.301445	0.400000	0.500000
349780127	778345729	GCF_000379765.1	GCF_012844305.1	57.805225	7347	7178	1885	0.259552	0.400000	0.500000
584963545	349780127	GCF_003149185.1	GCF_000379765.1	58.730584	5040	7347	1867	0.301445	0.400000	0.500000
584963545	584963545	GCF_003149185.1	GCF_003149185.1	100.000000	5040	5040	5037	0.999405	0.400000	0.500000
584963545	778345729	GCF_003149185.1	GCF_012844305.1	60.283932	5040	7178	2281	0.373384	0.400000	0.500000
778345729	349780127	GCF_012844305.1	GCF_000379765.1	57.805225	7178	7347	1885	0.259552	0.400000	0.500000
778345729	584963545	GCF_012844305.1	GCF_003149185.1	60.283932	7178	5040	2281	0.373384	0.400000	0.500000
778345729	778345729	GCF_012844305.1	GCF_012844305.1	100.000000	7178	7178	7130	0.993313	0.400000	0.500000
