ID 1	ID 2	Label 1	Label 2	AAI	CDS count 1	CDS count 2	Matched count	Proteome cov.	ID param.	Cov. param.
658852287	658852287	GCF_000007305.1	GCF_000007305.1	100.000000	2111	2111	2094	0.991947	0.400000	0.500000
658852287	164956982	GCF_000007305.1	GCF_000966265.1	69.109985	2111	2358	1352	0.605057	0.400000	0.500000
658852287	816124643	GCF_000007305.1	GCF_002214365.1	68.893444	2111	2008	1350	0.655499	0.400000	0.500000
164956982	658852287	GCF_000966265.1	GCF_000007305.1	69.109985	2358	2111	1352	0.605057	0.400000	0.500000
164956982	164956982	GCF_000966265.1	GCF_000966265.1	100.000000	2358	2358	2358	1.000000	0.400000	0.500000
164956982	816124643	GCF_000966265.1	GCF_002214365.1	72.615281	2358	2008	1479	0.677508	0.400000	0.500000
816124643	658852287	GCF_002214365.1	GCF_000007305.1	68.893444	2008	2111	1350	0.655499	0.400000	0.500000
816124643	164956982	GCF_002214365.1	GCF_000966265.1	72.615281	2008	2358	1479	0.677508	0.400000	0.500000
816124643	816124643	GCF_002214365.1	GCF_002214365.1	100.000000	2008	2008	2002	0.997012	0.400000	0.500000
