ID 1	ID 2	Label 1	Label 2	AAI	CDS count 1	CDS count 2	Matched count	Proteome cov.	ID param.	Cov. param.
266111737	266111737	GCF_000169175.1	GCF_000169175.1	100.000000	7493	7493	7445	0.993594	0.400000	0.500000
266111737	643370585	GCF_000169175.1	GCF_000430505.1	58.737992	7493	3352	1728	0.318672	0.400000	0.500000
643370585	266111737	GCF_000430505.1	GCF_000169175.1	58.737992	3352	7493	1728	0.318672	0.400000	0.500000
643370585	643370585	GCF_000430505.1	GCF_000430505.1	100.000000	3352	3352	3348	0.998807	0.400000	0.500000
