ID 1	ID 2	Label 1	Label 2	AAI	CDS count 1	CDS count 2	Matched count	Proteome cov.	ID param.	Cov. param.
905261498	905261498	GCF_000702445.1	GCF_000702445.1	100.000000	5013	5013	4963	0.990026	0.400000	0.500000
905261498	1020368123	GCF_000702445.1	GCF_015277775.1	58.319843	5013	7577	2424	0.385068	0.400000	0.500000
1020368123	905261498	GCF_015277775.1	GCF_000702445.1	58.319843	7577	5013	2424	0.385068	0.400000	0.500000
1020368123	1020368123	GCF_015277775.1	GCF_015277775.1	100.000000	7577	7577	7554	0.996964	0.400000	0.500000
