ID 1	ID 2	Label 1	Label 2	AAI	CDS count 1	CDS count 2	Matched count	Proteome cov.	ID param.	Cov. param.
818115706	818115706	GCF_000427665.1	GCF_000427665.1	100.000000	5204	5204	5201	0.999424	0.400000	0.500000
818115706	222758927	GCF_000427665.1	GCF_900187945.1	59.449889	5204	3735	1795	0.401611	0.400000	0.500000
222758927	818115706	GCF_900187945.1	GCF_000427665.1	59.449889	3735	5204	1795	0.401611	0.400000	0.500000
222758927	222758927	GCF_900187945.1	GCF_900187945.1	100.000000	3735	3735	3726	0.997590	0.400000	0.500000
