ID 1	ID 2	Label 1	Label 2	AAI	CDS count 1	CDS count 2	Matched count	Proteome cov.	ID param.	Cov. param.
32938557	32938557	GCF_003258315.1	GCF_003258315.1	100.000000	3728	3728	3726	0.999464	0.400000	0.500000
32938557	487784184	GCF_003258315.1	GCF_006517175.1	64.205906	3728	5928	2709	0.561102	0.400000	0.500000
487784184	32938557	GCF_006517175.1	GCF_003258315.1	64.205906	5928	3728	2709	0.561102	0.400000	0.500000
487784184	487784184	GCF_006517175.1	GCF_006517175.1	100.000000	5928	5928	5866	0.989541	0.400000	0.500000
