ID 1	ID 2	Label 1	Label 2	AAI	CDS count 1	CDS count 2	Matched count	Proteome cov.	ID param.	Cov. param.
761796927	761796927	GCF_000154465.1	GCF_000154465.1	100.000000	2285	2285	2271	0.993873	0.400000	0.500000
761796927	815345143	GCF_000154465.1	GCF_000427365.1	60.847371	2285	2292	913	0.398951	0.400000	0.500000
761796927	227705847	GCF_000154465.1	GCF_014982715.1	64.341185	2285	2360	1072	0.461572	0.400000	0.500000
815345143	761796927	GCF_000427365.1	GCF_000154465.1	60.847371	2292	2285	913	0.398951	0.400000	0.500000
815345143	815345143	GCF_000427365.1	GCF_000427365.1	100.000000	2292	2292	2288	0.998255	0.400000	0.500000
815345143	227705847	GCF_000427365.1	GCF_014982715.1	63.742207	2292	2360	1142	0.490972	0.400000	0.500000
227705847	761796927	GCF_014982715.1	GCF_000154465.1	64.341185	2360	2285	1072	0.461572	0.400000	0.500000
227705847	815345143	GCF_014982715.1	GCF_000427365.1	63.742207	2360	2292	1142	0.490972	0.400000	0.500000
227705847	227705847	GCF_014982715.1	GCF_014982715.1	100.000000	2360	2360	2360	1.000000	0.400000	0.500000
