ID 1	ID 2	Label 1	Label 2	AAI	CDS count 1	CDS count 2	Matched count	Proteome cov.	ID param.	Cov. param.
599161474	599161474	GCF_000017545.1	GCF_000017545.1	100.000000	1834	1834	1801	0.982007	0.400000	0.500000
599161474	433849064	GCF_000017545.1	GCF_003351105.1	61.847899	1834	1964	1190	0.626646	0.400000	0.500000
433849064	599161474	GCF_003351105.1	GCF_000017545.1	61.847899	1964	1834	1190	0.626646	0.400000	0.500000
433849064	433849064	GCF_003351105.1	GCF_003351105.1	100.000000	1964	1964	1963	0.999491	0.400000	0.500000
