ID 1	ID 2	Label 1	Label 2	AAI	CDS count 1	CDS count 2	Matched count	Proteome cov.	ID param.	Cov. param.
887984260	887984260	GCF_000186885.1	GCF_000186885.1	100.000000	3386	3386	3357	0.991435	0.400000	0.500000
887984260	878144571	GCF_000186885.1	GCF_000429965.1	66.952787	3386	4009	1902	0.514402	0.400000	0.500000
878144571	887984260	GCF_000429965.1	GCF_000186885.1	66.952787	4009	3386	1902	0.514402	0.400000	0.500000
878144571	878144571	GCF_000429965.1	GCF_000429965.1	100.000000	4009	4009	4001	0.998004	0.400000	0.500000
