ID 1	ID 2	Label 1	Label 2	AAI	CDS count 1	CDS count 2	Matched count	Proteome cov.	ID param.	Cov. param.
740071070	740071070	GCF_000281175.1	GCF_000281175.1	100.000000	4127	4127	4091	0.991277	0.400000	0.500000
740071070	687623387	GCF_000281175.1	GCF_006569185.2	65.263484	4127	4757	2325	0.523413	0.400000	0.500000
687623387	740071070	GCF_006569185.2	GCF_000281175.1	65.263484	4757	4127	2325	0.523413	0.400000	0.500000
687623387	687623387	GCF_006569185.2	GCF_006569185.2	100.000000	4757	4757	4752	0.998949	0.400000	0.500000
