ID 1	ID 2	Label 1	Label 2	AAI	CDS count 1	CDS count 2	Matched count	Proteome cov.	ID param.	Cov. param.
788412750	788412750	GCF_018141425.1	GCF_018141425.1	100.000000	4853	4853	4824	0.994024	0.400000	0.500000
788412750	185734237	GCF_018141425.1	GCF_900538275.1	60.210986	4853	3247	1247	0.307901	0.400000	0.500000
185734237	788412750	GCF_900538275.1	GCF_018141425.1	60.210986	3247	4853	1247	0.307901	0.400000	0.500000
185734237	185734237	GCF_900538275.1	GCF_900538275.1	100.000000	3247	3247	3208	0.987989	0.400000	0.500000
