ID 1	ID 2	Label 1	Label 2	AAI	CDS count 1	CDS count 2	Matched count	Proteome cov.	ID param.	Cov. param.
690430747	690430747	GCF_000008665.1	GCF_000008665.1	100.000000	2513	2513	2501	0.995225	0.400000	0.500000
690430747	842777083	GCF_000008665.1	GCF_000025505.1	63.516528	2513	2569	1319	0.519087	0.400000	0.500000
690430747	106140902	GCF_000008665.1	GCF_001006045.1	63.440777	2513	2046	1274	0.558894	0.400000	0.500000
842777083	690430747	GCF_000025505.1	GCF_000008665.1	63.516528	2569	2513	1319	0.519087	0.400000	0.500000
842777083	842777083	GCF_000025505.1	GCF_000025505.1	100.000000	2569	2569	2544	0.990269	0.400000	0.500000
842777083	106140902	GCF_000025505.1	GCF_001006045.1	66.287823	2569	2046	1507	0.653088	0.400000	0.500000
106140902	690430747	GCF_001006045.1	GCF_000008665.1	63.440777	2046	2513	1274	0.558894	0.400000	0.500000
106140902	842777083	GCF_001006045.1	GCF_000025505.1	66.287823	2046	2569	1507	0.653088	0.400000	0.500000
106140902	106140902	GCF_001006045.1	GCF_001006045.1	100.000000	2046	2046	2046	1.000000	0.400000	0.500000
