ID 1	ID 2	Label 1	Label 2	AAI	CDS count 1	CDS count 2	Matched count	Proteome cov.	ID param.	Cov. param.
517555707	517555707	GCF_000146505.1	GCF_000146505.1	100.000000	3138	3138	3137	0.999681	0.400000	0.500000
517555707	562799041	GCF_000146505.1	GCF_003148885.1	63.527356	3138	2555	1422	0.499561	0.400000	0.500000
562799041	517555707	GCF_003148885.1	GCF_000146505.1	63.527356	2555	3138	1422	0.499561	0.400000	0.500000
562799041	562799041	GCF_003148885.1	GCF_003148885.1	100.000000	2555	2555	2537	0.992955	0.400000	0.500000
