ID 1	ID 2	Label 1	Label 2	AAI	CDS count 1	CDS count 2	Matched count	Proteome cov.	ID param.	Cov. param.
746060895	746060895	GCF_000012125.1	GCF_000012125.1	100.000000	918	918	917	0.998911	0.400000	0.500000
746060895	179802367	GCF_000012125.1	GCF_902807005.1	60.551235	918	994	648	0.677824	0.400000	0.500000
179802367	746060895	GCF_902807005.1	GCF_000012125.1	60.551235	994	918	648	0.677824	0.400000	0.500000
179802367	179802367	GCF_902807005.1	GCF_902807005.1	100.000000	994	994	994	1.000000	0.400000	0.500000
