ID 1	ID 2	Label 1	Label 2	AAI	CDS count 1	CDS count 2	Matched count	Proteome cov.	ID param.	Cov. param.
688952007	688952007	GCF_003609645.1	GCF_003609645.1	100.000000	2740	2740	2739	0.999635	0.400000	0.500000
688952007	952077188	GCF_003609645.1	GCF_900129995.1	68.798555	2740	2576	1488	0.559819	0.400000	0.500000
952077188	688952007	GCF_900129995.1	GCF_003609645.1	68.798555	2576	2740	1488	0.559819	0.400000	0.500000
952077188	952077188	GCF_900129995.1	GCF_900129995.1	100.000000	2576	2576	2553	0.991071	0.400000	0.500000
