ID 1	ID 2	Label 1	Label 2	AAI	CDS count 1	CDS count 2	Matched count	Proteome cov.	ID param.	Cov. param.
117529985	117529985	GCF_012720115.1	GCF_012720115.1	100.000000	3272	3272	3272	1.000000	0.400000	0.500000
117529985	888474577	GCF_012720115.1	GCF_900172325.1	61.066564	3272	4576	1956	0.498471	0.400000	0.500000
888474577	117529985	GCF_900172325.1	GCF_012720115.1	61.066564	4576	3272	1956	0.498471	0.400000	0.500000
888474577	888474577	GCF_900172325.1	GCF_900172325.1	100.000000	4576	4576	4571	0.998907	0.400000	0.500000
