ID 1	ID 2	Label 1	Label 2	AAI	CDS count 1	CDS count 2	Matched count	Proteome cov.	ID param.	Cov. param.
882323970	882323970	GCF_000186245.1	GCF_000186245.1	100.000000	2114	2114	2106	0.996216	0.400000	0.500000
882323970	173438400	GCF_000186245.1	GCF_000987835.1	64.869751	2114	2209	1243	0.575064	0.400000	0.500000
173438400	882323970	GCF_000987835.1	GCF_000186245.1	64.869751	2209	2114	1243	0.575064	0.400000	0.500000
173438400	173438400	GCF_000987835.1	GCF_000987835.1	100.000000	2209	2209	2195	0.993662	0.400000	0.500000
