ID 1	ID 2	Label 1	Label 2	AAI	CDS count 1	CDS count 2	Matched count	Proteome cov.	ID param.	Cov. param.
602795976	602795976	GCF_000017165.1	GCF_000017165.1	100.000000	1757	1757	1734	0.986910	0.400000	0.500000
602795976	265739716	GCF_000017165.1	GCF_000376965.1	68.504915	1757	1706	1180	0.681490	0.400000	0.500000
265739716	602795976	GCF_000376965.1	GCF_000017165.1	68.504915	1706	1757	1180	0.681490	0.400000	0.500000
265739716	265739716	GCF_000376965.1	GCF_000376965.1	100.000000	1706	1706	1700	0.996483	0.400000	0.500000
