ID 1	ID 2	Label 1	Label 2	AAI	CDS count 1	CDS count 2	Matched count	Proteome cov.	ID param.	Cov. param.
233356899	233356899	GCF_000375545.1	GCF_000375545.1	100.000000	3717	3717	3713	0.998924	0.400000	0.500000
233356899	1012845440	GCF_000375545.1	GCF_003688555.1	64.683886	3717	3784	1871	0.498867	0.400000	0.500000
1012845440	233356899	GCF_003688555.1	GCF_000375545.1	64.683886	3784	3717	1871	0.498867	0.400000	0.500000
1012845440	1012845440	GCF_003688555.1	GCF_003688555.1	100.000000	3784	3784	3782	0.999471	0.400000	0.500000
