ID 1	ID 2	Label 1	Label 2	AAI	CDS count 1	CDS count 2	Matched count	Proteome cov.	ID param.	Cov. param.
535043465	535043465	GCF_000515255.1	GCF_000515255.1	100.000000	3779	3779	3769	0.997354	0.400000	0.500000
535043465	9740436	GCF_000515255.1	GCF_900100655.1	64.543852	3779	2838	1781	0.538310	0.400000	0.500000
9740436	535043465	GCF_900100655.1	GCF_000515255.1	64.543852	2838	3779	1781	0.538310	0.400000	0.500000
9740436	9740436	GCF_900100655.1	GCF_900100655.1	100.000000	2838	2838	2833	0.998238	0.400000	0.500000
