ID 1	ID 2	Label 1	Label 2	AAI	CDS count 1	CDS count 2	Matched count	Proteome cov.	ID param.	Cov. param.
856346218	856346218	GCF_000185505.1	GCF_000185505.1	100.000000	2235	2235	2207	0.987472	0.400000	0.500000
856346218	181065476	GCF_000185505.1	GCF_000247605.1	58.885866	2235	3649	895	0.304215	0.400000	0.500000
856346218	428071468	GCF_000185505.1	GCF_000807675.2	61.714333	2235	4159	1064	0.332812	0.400000	0.500000
181065476	856346218	GCF_000247605.1	GCF_000185505.1	58.885866	3649	2235	895	0.304215	0.400000	0.500000
181065476	181065476	GCF_000247605.1	GCF_000247605.1	100.000000	3649	3649	3612	0.989860	0.400000	0.500000
181065476	428071468	GCF_000247605.1	GCF_000807675.2	63.938343	3649	4159	1497	0.383453	0.400000	0.500000
428071468	856346218	GCF_000807675.2	GCF_000185505.1	61.714333	4159	2235	1064	0.332812	0.400000	0.500000
428071468	181065476	GCF_000807675.2	GCF_000247605.1	63.938343	4159	3649	1497	0.383453	0.400000	0.500000
428071468	428071468	GCF_000807675.2	GCF_000807675.2	100.000000	4159	4159	4132	0.993508	0.400000	0.500000
