ID 1	ID 2	Label 1	Label 2	AAI	CDS count 1	CDS count 2	Matched count	Proteome cov.	ID param.	Cov. param.
731211621	731211621	GCA_019358945.1	GCA_019358945.1	100.000000	6487	6487	6338	0.977031	0.400000	0.500000
731211621	753465498	GCA_019358945.1	GCA_019359275.1	67.010426	6487	5324	2815	0.476674	0.400000	0.500000
731211621	490599931	GCA_019358945.1	GCF_019891175.1	70.945945	6487	5548	2910	0.483590	0.400000	0.500000
753465498	731211621	GCA_019359275.1	GCA_019358945.1	67.010426	5324	6487	2815	0.476674	0.400000	0.500000
753465498	753465498	GCA_019359275.1	GCA_019359275.1	100.000000	5324	5324	5320	0.999249	0.400000	0.500000
753465498	490599931	GCA_019359275.1	GCF_019891175.1	67.126503	5324	5548	2528	0.465048	0.400000	0.500000
490599931	731211621	GCF_019891175.1	GCA_019358945.1	70.945945	5548	6487	2910	0.483590	0.400000	0.500000
490599931	753465498	GCF_019891175.1	GCA_019359275.1	67.126503	5548	5324	2528	0.465048	0.400000	0.500000
490599931	490599931	GCF_019891175.1	GCF_019891175.1	100.000000	5548	5548	5234	0.943403	0.400000	0.500000
