ID 1	ID 2	Label 1	Label 2	AAI	CDS count 1	CDS count 2	Matched count	Proteome cov.	ID param.	Cov. param.
226520607	226520607	GCF_021206925.1	GCF_021206925.1	100.000000	3379	3379	3378	0.999704	0.400000	0.500000
226520607	958079781	GCF_021206925.1	GCF_900113045.1	61.913159	3379	4527	1915	0.484442	0.400000	0.500000
958079781	226520607	GCF_900113045.1	GCF_021206925.1	61.913159	4527	3379	1915	0.484442	0.400000	0.500000
958079781	958079781	GCF_900113045.1	GCF_900113045.1	100.000000	4527	4527	4480	0.989618	0.400000	0.500000
