ID 1	ID 2	Label 1	Label 2	AAI	CDS count 1	CDS count 2	Matched count	Proteome cov.	ID param.	Cov. param.
801531737	801531737	GCF_000010305.1	GCF_000010305.1	100.000000	3968	3968	3961	0.998236	0.400000	0.500000
801531737	800615041	GCF_000010305.1	GCF_000522985.1	61.042816	3968	6378	1914	0.369998	0.400000	0.500000
800615041	801531737	GCF_000522985.1	GCF_000010305.1	61.042816	6378	3968	1914	0.369998	0.400000	0.500000
800615041	800615041	GCF_000522985.1	GCF_000522985.1	100.000000	6378	6378	6271	0.983224	0.400000	0.500000
