ID 1	ID 2	Label 1	Label 2	AAI	CDS count 1	CDS count 2	Matched count	Proteome cov.	ID param.	Cov. param.
872270173	872270173	GCF_000024425.1	GCF_000024425.1	100.000000	3087	3087	3064	0.992549	0.400000	0.500000
872270173	647869026	GCF_000024425.1	GCF_000430045.1	70.455068	3087	4449	2062	0.547240	0.400000	0.500000
872270173	645934727	GCF_000024425.1	GCF_001280255.1	62.796835	3087	2426	1469	0.532922	0.400000	0.500000
647869026	872270173	GCF_000430045.1	GCF_000024425.1	70.455068	4449	3087	2062	0.547240	0.400000	0.500000
647869026	647869026	GCF_000430045.1	GCF_000430045.1	100.000000	4449	4449	4434	0.996628	0.400000	0.500000
647869026	645934727	GCF_000430045.1	GCF_001280255.1	63.390110	4449	2426	1461	0.425018	0.400000	0.500000
645934727	872270173	GCF_001280255.1	GCF_000024425.1	62.796835	2426	3087	1469	0.532922	0.400000	0.500000
645934727	647869026	GCF_001280255.1	GCF_000430045.1	63.390110	2426	4449	1461	0.425018	0.400000	0.500000
645934727	645934727	GCF_001280255.1	GCF_001280255.1	100.000000	2426	2426	2383	0.982275	0.400000	0.500000
