ID 1	ID 2	Label 1	Label 2	AAI	CDS count 1	CDS count 2	Matched count	Proteome cov.	ID param.	Cov. param.
405451000	405451000	GCF_000195315.1	GCF_000195315.1	100.000000	1789	1789	1788	0.999441	0.400000	0.500000
405451000	908443932	GCF_000195315.1	GCF_000311845.1	67.538077	1789	1914	910	0.491493	0.400000	0.500000
405451000	641152141	GCF_000195315.1	GCF_010509075.1	66.517857	1789	2155	896	0.454361	0.400000	0.500000
908443932	405451000	GCF_000311845.1	GCF_000195315.1	67.538077	1914	1789	910	0.491493	0.400000	0.500000
908443932	908443932	GCF_000311845.1	GCF_000311845.1	100.000000	1914	1914	1907	0.996343	0.400000	0.500000
908443932	641152141	GCF_000311845.1	GCF_010509075.1	69.417056	1914	2155	1070	0.525928	0.400000	0.500000
641152141	405451000	GCF_010509075.1	GCF_000195315.1	66.517857	2155	1789	896	0.454361	0.400000	0.500000
641152141	908443932	GCF_010509075.1	GCF_000311845.1	69.417056	2155	1914	1070	0.525928	0.400000	0.500000
641152141	641152141	GCF_010509075.1	GCF_010509075.1	100.000000	2155	2155	2076	0.963341	0.400000	0.500000
