ID 1	ID 2	Label 1	Label 2	AAI	CDS count 1	CDS count 2	Matched count	Proteome cov.	ID param.	Cov. param.
844504961	844504961	GCF_000025345.1	GCF_000025345.1	100.000000	5064	5064	5045	0.996248	0.400000	0.500000
844504961	13258216	GCF_000025345.1	GCF_900101025.1	72.346516	5064	4092	2483	0.542377	0.400000	0.500000
844504961	763950965	GCF_000025345.1	GCF_900221005.1	75.799296	5064	4445	2629	0.552950	0.400000	0.500000
13258216	844504961	GCF_900101025.1	GCF_000025345.1	72.346516	4092	5064	2483	0.542377	0.400000	0.500000
13258216	13258216	GCF_900101025.1	GCF_900101025.1	100.000000	4092	4092	4091	0.999756	0.400000	0.500000
13258216	763950965	GCF_900101025.1	GCF_900221005.1	71.537826	4092	4445	2374	0.556167	0.400000	0.500000
763950965	844504961	GCF_900221005.1	GCF_000025345.1	75.799296	4445	5064	2629	0.552950	0.400000	0.500000
763950965	13258216	GCF_900221005.1	GCF_900101025.1	71.537826	4445	4092	2374	0.556167	0.400000	0.500000
763950965	763950965	GCF_900221005.1	GCF_900221005.1	100.000000	4445	4445	4444	0.999775	0.400000	0.500000
