ID 1	ID 2	Label 1	Label 2	AAI	CDS count 1	CDS count 2	Matched count	Proteome cov.	ID param.	Cov. param.
522648794	522648794	GCF_000191045.1	GCF_000191045.1	100.000000	1561	1561	1548	0.991672	0.400000	0.500000
522648794	768193284	GCF_000191045.1	GCF_004339575.1	75.369320	1561	1659	1250	0.776398	0.400000	0.500000
522648794	369479602	GCF_000191045.1	GCF_900182585.1	71.445012	1561	1882	1223	0.710427	0.400000	0.500000
768193284	522648794	GCF_004339575.1	GCF_000191045.1	75.369320	1659	1561	1250	0.776398	0.400000	0.500000
768193284	768193284	GCF_004339575.1	GCF_004339575.1	100.000000	1659	1659	1648	0.993369	0.400000	0.500000
768193284	369479602	GCF_004339575.1	GCF_900182585.1	71.977036	1659	1882	1289	0.728043	0.400000	0.500000
369479602	522648794	GCF_900182585.1	GCF_000191045.1	71.445012	1882	1561	1223	0.710427	0.400000	0.500000
369479602	768193284	GCF_900182585.1	GCF_004339575.1	71.977036	1882	1659	1289	0.728043	0.400000	0.500000
369479602	369479602	GCF_900182585.1	GCF_900182585.1	100.000000	1882	1882	1860	0.988310	0.400000	0.500000
