ID 1	ID 2	Label 1	Label 2	AAI	CDS count 1	CDS count 2	Matched count	Proteome cov.	ID param.	Cov. param.
519691781	519691781	GCF_000496075.1	GCF_000496075.1	100.000000	4095	4095	4093	0.999512	0.400000	0.500000
519691781	1043953382	GCF_000496075.1	GCF_004346195.1	65.594919	4095	3569	1968	0.513570	0.400000	0.500000
1043953382	519691781	GCF_004346195.1	GCF_000496075.1	65.594919	3569	4095	1968	0.513570	0.400000	0.500000
1043953382	1043953382	GCF_004346195.1	GCF_004346195.1	100.000000	3569	3569	3568	0.999720	0.400000	0.500000
