ID 1	ID 2	Label 1	Label 2	AAI	CDS count 1	CDS count 2	Matched count	Proteome cov.	ID param.	Cov. param.
81600430	81600430	GCF_013409065.1	GCF_013409065.1	100.000000	3680	3680	3671	0.997554	0.400000	0.500000
81600430	33268868	GCF_013409065.1	GCF_014639315.1	60.434057	3680	3453	1427	0.400112	0.400000	0.500000
81600430	199647075	GCF_013409065.1	GCF_900169165.1	59.491014	3680	3548	1519	0.420310	0.400000	0.500000
33268868	81600430	GCF_014639315.1	GCF_013409065.1	60.434057	3453	3680	1427	0.400112	0.400000	0.500000
33268868	33268868	GCF_014639315.1	GCF_014639315.1	100.000000	3453	3453	3453	1.000000	0.400000	0.500000
33268868	199647075	GCF_014639315.1	GCF_900169165.1	61.535443	3453	3548	1556	0.444508	0.400000	0.500000
199647075	81600430	GCF_900169165.1	GCF_013409065.1	59.491014	3548	3680	1519	0.420310	0.400000	0.500000
199647075	33268868	GCF_900169165.1	GCF_014639315.1	61.535443	3548	3453	1556	0.444508	0.400000	0.500000
199647075	199647075	GCF_900169165.1	GCF_900169165.1	100.000000	3548	3548	3538	0.997182	0.400000	0.500000
