ID 1	ID 2	Label 1	Label 2	AAI	CDS count 1	CDS count 2	Matched count	Proteome cov.	ID param.	Cov. param.
571396262	571396262	GCF_000018465.1	GCF_000018465.1	100.000000	1910	1910	1909	0.999476	0.400000	0.500000
571396262	725013187	GCF_000018465.1	GCF_000220175.1	76.043371	1910	1890	1418	0.746316	0.400000	0.500000
725013187	571396262	GCF_000220175.1	GCF_000018465.1	76.043371	1890	1910	1418	0.746316	0.400000	0.500000
725013187	725013187	GCF_000220175.1	GCF_000220175.1	100.000000	1890	1890	1889	0.999471	0.400000	0.500000
