ID 1	ID 2	Label 1	Label 2	AAI	CDS count 1	CDS count 2	Matched count	Proteome cov.	ID param.	Cov. param.
901822845	901822845	GCF_000023325.1	GCF_000023325.1	100.000000	2156	2156	2131	0.988404	0.400000	0.500000
901822845	487049722	GCF_000023325.1	GCF_000147715.2	60.537313	2156	2663	1202	0.498859	0.400000	0.500000
487049722	901822845	GCF_000147715.2	GCF_000023325.1	60.537313	2663	2156	1202	0.498859	0.400000	0.500000
487049722	487049722	GCF_000147715.2	GCF_000147715.2	100.000000	2663	2663	2583	0.969959	0.400000	0.500000
