ID 1	ID 2	Label 1	Label 2	AAI	CDS count 1	CDS count 2	Matched count	Proteome cov.	ID param.	Cov. param.
737530373	737530373	GCF_003426815.1	GCF_003426815.1	100.000000	5788	5788	5779	0.998445	0.400000	0.500000
737530373	680170952	GCF_003426815.1	GCF_004364865.1	62.146077	5788	4271	2001	0.397853	0.400000	0.500000
680170952	737530373	GCF_004364865.1	GCF_003426815.1	62.146077	4271	5788	2001	0.397853	0.400000	0.500000
680170952	680170952	GCF_004364865.1	GCF_004364865.1	100.000000	4271	4271	4267	0.999063	0.400000	0.500000
