ID 1	ID 2	Label 1	Label 2	AAI	CDS count 1	CDS count 2	Matched count	Proteome cov.	ID param.	Cov. param.
534000780	534000780	GCF_000515395.1	GCF_000515395.1	100.000000	5163	5163	5158	0.999032	0.400000	0.500000
534000780	335068419	GCF_000515395.1	GCF_003014555.1	73.650213	5163	5169	3052	0.590786	0.400000	0.500000
534000780	1062081572	GCF_000515395.1	GCF_004138495.1	68.613884	5163	7093	2845	0.464262	0.400000	0.500000
335068419	534000780	GCF_003014555.1	GCF_000515395.1	73.650213	5169	5163	3052	0.590786	0.400000	0.500000
335068419	335068419	GCF_003014555.1	GCF_003014555.1	100.000000	5169	5169	5161	0.998452	0.400000	0.500000
335068419	1062081572	GCF_003014555.1	GCF_004138495.1	68.550725	5169	7093	2829	0.461426	0.400000	0.500000
1062081572	534000780	GCF_004138495.1	GCF_000515395.1	68.613884	7093	5163	2845	0.464262	0.400000	0.500000
1062081572	335068419	GCF_004138495.1	GCF_003014555.1	68.550725	7093	5169	2829	0.461426	0.400000	0.500000
1062081572	1062081572	GCF_004138495.1	GCF_004138495.1	100.000000	7093	7093	7083	0.998590	0.400000	0.500000
