ID 1	ID 2	Label 1	Label 2	AAI	CDS count 1	CDS count 2	Matched count	Proteome cov.	ID param.	Cov. param.
673719910	673719910	GCF_000734015.1	GCF_000734015.1	100.000000	1733	1733	1709	0.986151	0.400000	0.500000
673719910	719815966	GCF_000734015.1	GCF_001652585.1	59.317482	1733	2129	961	0.497670	0.400000	0.500000
719815966	673719910	GCF_001652585.1	GCF_000734015.1	59.317482	2129	1733	961	0.497670	0.400000	0.500000
719815966	719815966	GCF_001652585.1	GCF_001652585.1	100.000000	2129	2129	2128	0.999530	0.400000	0.500000
