ID 1	ID 2	Label 1	Label 2	AAI	CDS count 1	CDS count 2	Matched count	Proteome cov.	ID param.	Cov. param.
174370719	174370719	GCF_000373385.1	GCF_000373385.1	100.000000	3143	3143	3135	0.997455	0.400000	0.500000
174370719	139961655	GCF_000373385.1	GCF_003967275.1	64.657543	3143	2713	1571	0.536544	0.400000	0.500000
174370719	826464480	GCF_000373385.1	GCF_004337445.1	64.309622	3143	3152	1429	0.454011	0.400000	0.500000
139961655	174370719	GCF_003967275.1	GCF_000373385.1	64.657543	2713	3143	1571	0.536544	0.400000	0.500000
139961655	139961655	GCF_003967275.1	GCF_003967275.1	100.000000	2713	2713	2684	0.989311	0.400000	0.500000
139961655	826464480	GCF_003967275.1	GCF_004337445.1	70.228984	2713	3152	1437	0.490026	0.400000	0.500000
826464480	174370719	GCF_004337445.1	GCF_000373385.1	64.309622	3152	3143	1429	0.454011	0.400000	0.500000
826464480	139961655	GCF_004337445.1	GCF_003967275.1	70.228984	3152	2713	1437	0.490026	0.400000	0.500000
826464480	826464480	GCF_004337445.1	GCF_004337445.1	100.000000	3152	3152	3135	0.994607	0.400000	0.500000
