ID 1	ID 2	Label 1	Label 2	AAI	CDS count 1	CDS count 2	Matched count	Proteome cov.	ID param.	Cov. param.
676695028	676695028	GCF_002915595.1	GCF_002915595.1	100.000000	3815	3815	3742	0.980865	0.400000	0.500000
676695028	875623431	GCF_002915595.1	GCF_014202945.1	78.052667	3815	3500	2568	0.702119	0.400000	0.500000
676695028	985117817	GCF_002915595.1	GCF_016906995.1	70.445134	3815	3363	2271	0.632767	0.400000	0.500000
875623431	676695028	GCF_014202945.1	GCF_002915595.1	78.052667	3500	3815	2568	0.702119	0.400000	0.500000
875623431	875623431	GCF_014202945.1	GCF_014202945.1	100.000000	3500	3500	3498	0.999429	0.400000	0.500000
875623431	985117817	GCF_014202945.1	GCF_016906995.1	70.166524	3500	3363	2336	0.680752	0.400000	0.500000
985117817	676695028	GCF_016906995.1	GCF_002915595.1	70.445134	3363	3815	2271	0.632767	0.400000	0.500000
985117817	875623431	GCF_016906995.1	GCF_014202945.1	70.166524	3363	3500	2336	0.680752	0.400000	0.500000
985117817	985117817	GCF_016906995.1	GCF_016906995.1	100.000000	3363	3363	3363	1.000000	0.400000	0.500000
