ID 1	ID 2	Label 1	Label 2	AAI	CDS count 1	CDS count 2	Matched count	Proteome cov.	ID param.	Cov. param.
682218782	682218782	GCF_000014865.1	GCF_000014865.1	100.000000	4010	4010	3875	0.966334	0.400000	0.500000
682218782	81054538	GCF_000014865.1	GCF_002109495.1	61.853503	4010	4337	1941	0.465077	0.400000	0.500000
81054538	682218782	GCF_002109495.1	GCF_000014865.1	61.853503	4337	4010	1941	0.465077	0.400000	0.500000
81054538	81054538	GCF_002109495.1	GCF_002109495.1	100.000000	4337	4337	4237	0.976943	0.400000	0.500000
