ID 1	ID 2	Label 1	Label 2	AAI	CDS count 1	CDS count 2	Matched count	Proteome cov.	ID param.	Cov. param.
689507226	689507226	GCF_000008565.1	GCF_000008565.1	100.000000	3257	3257	3235	0.993245	0.400000	0.500000
689507226	872852868	GCF_000008565.1	GCF_014202645.1	61.072047	3257	3593	1583	0.462190	0.400000	0.500000
872852868	689507226	GCF_014202645.1	GCF_000008565.1	61.072047	3593	3257	1583	0.462190	0.400000	0.500000
872852868	872852868	GCF_014202645.1	GCF_014202645.1	100.000000	3593	3593	3584	0.997495	0.400000	0.500000
