ID 1	ID 2	Label 1	Label 2	AAI	CDS count 1	CDS count 2	Matched count	Proteome cov.	ID param.	Cov. param.
378609309	378609309	GCF_000196135.1	GCF_000196135.1	100.000000	2090	2090	2066	0.988517	0.400000	0.500000
378609309	154485440	GCF_000196135.1	GCF_900478295.1	58.025986	2090	1606	710	0.384199	0.400000	0.500000
154485440	378609309	GCF_900478295.1	GCF_000196135.1	58.025986	1606	2090	710	0.384199	0.400000	0.500000
154485440	154485440	GCF_900478295.1	GCF_900478295.1	100.000000	1606	1606	1598	0.995019	0.400000	0.500000
