ID 1	ID 2	Label 1	Label 2	AAI	CDS count 1	CDS count 2	Matched count	Proteome cov.	ID param.	Cov. param.
624558144	624558144	GCF_001027105.1	GCF_001027105.1	100.000000	2571	2571	2570	0.999611	0.400000	0.500000
624558144	750978593	GCF_001027105.1	GCF_002901825.1	65.379574	2571	2760	1596	0.598762	0.400000	0.500000
624558144	67076700	GCF_001027105.1	GCF_004359525.2	63.173598	2571	2262	1248	0.516449	0.400000	0.500000
750978593	624558144	GCF_002901825.1	GCF_001027105.1	65.379574	2760	2571	1596	0.598762	0.400000	0.500000
750978593	750978593	GCF_002901825.1	GCF_002901825.1	100.000000	2760	2760	2755	0.998188	0.400000	0.500000
750978593	67076700	GCF_002901825.1	GCF_004359525.2	65.243497	2760	2262	1384	0.551175	0.400000	0.500000
67076700	624558144	GCF_004359525.2	GCF_001027105.1	63.173598	2262	2571	1248	0.516449	0.400000	0.500000
67076700	750978593	GCF_004359525.2	GCF_002901825.1	65.243497	2262	2760	1384	0.551175	0.400000	0.500000
67076700	67076700	GCF_004359525.2	GCF_004359525.2	100.000000	2262	2262	2259	0.998674	0.400000	0.500000
