ID 1	ID 2	Label 1	Label 2	AAI	CDS count 1	CDS count 2	Matched count	Proteome cov.	ID param.	Cov. param.
1035117986	1035117986	GCF_001999965.1	GCF_001999965.1	100.000000	2975	2975	2912	0.978824	0.400000	0.500000
1035117986	745228638	GCF_001999965.1	GCF_002117005.1	58.944411	2975	2427	1002	0.370974	0.400000	0.500000
745228638	1035117986	GCF_002117005.1	GCF_001999965.1	58.944411	2427	2975	1002	0.370974	0.400000	0.500000
745228638	745228638	GCF_002117005.1	GCF_002117005.1	100.000000	2427	2427	2391	0.985167	0.400000	0.500000
