ID 1	ID 2	Label 1	Label 2	AAI	CDS count 1	CDS count 2	Matched count	Proteome cov.	ID param.	Cov. param.
484507076	484507076	GCA_001184205.1	GCA_001184205.1	100.000000	4867	4867	4859	0.998356	0.400000	0.500000
484507076	599570330	GCA_001184205.1	GCF_000143965.1	62.621135	4867	3299	2115	0.518001	0.400000	0.500000
484507076	486840893	GCA_001184205.1	GCF_000931935.2	62.002345	4867	4915	2239	0.457780	0.400000	0.500000
599570330	484507076	GCF_000143965.1	GCA_001184205.1	62.621135	3299	4867	2115	0.518001	0.400000	0.500000
599570330	599570330	GCF_000143965.1	GCF_000143965.1	100.000000	3299	3299	3290	0.997272	0.400000	0.500000
599570330	486840893	GCF_000143965.1	GCF_000931935.2	59.228368	3299	4915	1863	0.453616	0.400000	0.500000
486840893	484507076	GCF_000931935.2	GCA_001184205.1	62.002345	4915	4867	2239	0.457780	0.400000	0.500000
486840893	599570330	GCF_000931935.2	GCF_000143965.1	59.228368	4915	3299	1863	0.453616	0.400000	0.500000
486840893	486840893	GCF_000931935.2	GCF_000931935.2	100.000000	4915	4915	4908	0.998576	0.400000	0.500000
