ID 1	ID 2	Label 1	Label 2	AAI	CDS count 1	CDS count 2	Matched count	Proteome cov.	ID param.	Cov. param.
1055382305	1055382305	GCF_001485475.2	GCF_001485475.2	100.000000	2310	2310	2308	0.999134	0.400000	0.500000
1055382305	626292613	GCF_001485475.2	GCF_003691585.1	66.379228	2310	3551	1283	0.437809	0.400000	0.500000
626292613	1055382305	GCF_003691585.1	GCF_001485475.2	66.379228	3551	2310	1283	0.437809	0.400000	0.500000
626292613	626292613	GCF_003691585.1	GCF_003691585.1	100.000000	3551	3551	3541	0.997184	0.400000	0.500000
