ID 1	ID 2	Label 1	Label 2	AAI	CDS count 1	CDS count 2	Matched count	Proteome cov.	ID param.	Cov. param.
111510271	111510271	GCF_004341395.1	GCF_004341395.1	100.000000	2906	2906	2906	1.000000	0.400000	0.500000
111510271	252816165	GCF_004341395.1	GCF_009877435.1	65.653707	2906	3361	1632	0.520823	0.400000	0.500000
111510271	340094595	GCF_004341395.1	GCF_014502795.1	65.900875	2906	4120	1715	0.488187	0.400000	0.500000
252816165	111510271	GCF_009877435.1	GCF_004341395.1	65.653707	3361	2906	1632	0.520823	0.400000	0.500000
252816165	252816165	GCF_009877435.1	GCF_009877435.1	100.000000	3361	3361	3361	1.000000	0.400000	0.500000
252816165	340094595	GCF_009877435.1	GCF_014502795.1	72.033289	3361	4120	2280	0.609544	0.400000	0.500000
340094595	111510271	GCF_014502795.1	GCF_004341395.1	65.900875	4120	2906	1715	0.488187	0.400000	0.500000
340094595	252816165	GCF_014502795.1	GCF_009877435.1	72.033289	4120	3361	2280	0.609544	0.400000	0.500000
340094595	340094595	GCF_014502795.1	GCF_014502795.1	100.000000	4120	4120	4111	0.997816	0.400000	0.500000
