ID 1	ID 2	Label 1	Label 2	AAI	CDS count 1	CDS count 2	Matched count	Proteome cov.	ID param.	Cov. param.
688643287	688643287	GCF_000008485.1	GCF_000008485.1	100.000000	3043	3043	3034	0.997042	0.400000	0.500000
688643287	268912383	GCF_000008485.1	GCF_000953635.1	68.562691	3043	2984	1698	0.563464	0.400000	0.500000
268912383	688643287	GCF_000953635.1	GCF_000008485.1	68.562691	2984	3043	1698	0.563464	0.400000	0.500000
268912383	268912383	GCF_000953635.1	GCF_000953635.1	100.000000	2984	2984	2968	0.994638	0.400000	0.500000
