ID 1	ID 2	Label 1	Label 2	AAI	CDS count 1	CDS count 2	Matched count	Proteome cov.	ID param.	Cov. param.
955991970	955991970	GCF_001579945.1	GCF_001579945.1	100.000000	3088	3088	3067	0.993199	0.400000	0.500000
955991970	875712804	GCF_001579945.1	GCF_014202975.1	70.350876	3088	5394	1712	0.403678	0.400000	0.500000
875712804	955991970	GCF_014202975.1	GCF_001579945.1	70.350876	5394	3088	1712	0.403678	0.400000	0.500000
875712804	875712804	GCF_014202975.1	GCF_014202975.1	100.000000	5394	5394	5392	0.999629	0.400000	0.500000
