ID 1	ID 2	Label 1	Label 2	AAI	CDS count 1	CDS count 2	Matched count	Proteome cov.	ID param.	Cov. param.
204668166	204668166	GCF_000374525.1	GCF_000374525.1	100.000000	3911	3911	3909	0.999489	0.400000	0.500000
204668166	204766484	GCF_000374525.1	GCF_001927245.1	60.517772	3911	4440	1809	0.433242	0.400000	0.500000
204766484	204668166	GCF_001927245.1	GCF_000374525.1	60.517772	4440	3911	1809	0.433242	0.400000	0.500000
204766484	204766484	GCF_001927245.1	GCF_001927245.1	100.000000	4440	4440	4438	0.999550	0.400000	0.500000
