ID 1	ID 2	Label 1	Label 2	AAI	CDS count 1	CDS count 2	Matched count	Proteome cov.	ID param.	Cov. param.
824149191	824149191	GCF_000265505.1	GCF_000265505.1	100.000000	4122	4122	4070	0.987385	0.400000	0.500000
824149191	674106012	GCF_000265505.1	GCF_000422585.1	59.203711	4122	3387	1765	0.470103	0.400000	0.500000
674106012	824149191	GCF_000422585.1	GCF_000265505.1	59.203711	3387	4122	1765	0.470103	0.400000	0.500000
674106012	674106012	GCF_000422585.1	GCF_000422585.1	100.000000	3387	3387	3371	0.995276	0.400000	0.500000
