ID 1	ID 2	Label 1	Label 2	AAI	CDS count 1	CDS count 2	Matched count	Proteome cov.	ID param.	Cov. param.
519216958	519216958	GCF_000227725.2	GCF_000227725.2	100.000000	2787	2787	2771	0.994259	0.400000	0.500000
519216958	1049021127	GCF_000227725.2	GCF_016584115.1	64.949272	2787	2670	1442	0.528496	0.400000	0.500000
519216958	377129210	GCF_000227725.2	GCF_022406875.1	64.754283	2787	1862	1144	0.492149	0.400000	0.500000
1049021127	519216958	GCF_016584115.1	GCF_000227725.2	64.949272	2670	2787	1442	0.528496	0.400000	0.500000
1049021127	1049021127	GCF_016584115.1	GCF_016584115.1	100.000000	2670	2670	2667	0.998876	0.400000	0.500000
1049021127	377129210	GCF_016584115.1	GCF_022406875.1	69.144661	2670	1862	1311	0.578553	0.400000	0.500000
377129210	519216958	GCF_022406875.1	GCF_000227725.2	64.754283	1862	2787	1144	0.492149	0.400000	0.500000
377129210	1049021127	GCF_022406875.1	GCF_016584115.1	69.144661	1862	2670	1311	0.578553	0.400000	0.500000
377129210	377129210	GCF_022406875.1	GCF_022406875.1	100.000000	1862	1862	1859	0.998389	0.400000	0.500000
