ID 1	ID 2	Label 1	Label 2	AAI	CDS count 1	CDS count 2	Matched count	Proteome cov.	ID param.	Cov. param.
844624125	844624125	GCF_000025305.1	GCF_000025305.1	100.000000	2111	2111	2095	0.992421	0.400000	0.500000
844624125	882449500	GCF_000025305.1	GCF_003269275.1	61.353208	2111	2195	904	0.419879	0.400000	0.500000
844624125	936987753	GCF_000025305.1	GCF_900112895.1	60.338976	2111	2278	898	0.409205	0.400000	0.500000
882449500	844624125	GCF_003269275.1	GCF_000025305.1	61.353208	2195	2111	904	0.419879	0.400000	0.500000
882449500	882449500	GCF_003269275.1	GCF_003269275.1	100.000000	2195	2195	2188	0.996811	0.400000	0.500000
882449500	936987753	GCF_003269275.1	GCF_900112895.1	64.250907	2195	2278	1103	0.493181	0.400000	0.500000
936987753	844624125	GCF_900112895.1	GCF_000025305.1	60.338976	2278	2111	898	0.409205	0.400000	0.500000
936987753	882449500	GCF_900112895.1	GCF_003269275.1	64.250907	2278	2195	1103	0.493181	0.400000	0.500000
936987753	936987753	GCF_900112895.1	GCF_900112895.1	100.000000	2278	2278	2271	0.996927	0.400000	0.500000
