ID 1	ID 2	Label 1	Label 2	AAI	CDS count 1	CDS count 2	Matched count	Proteome cov.	ID param.	Cov. param.
651270844	651270844	GCF_000214355.1	GCF_000214355.1	100.000000	3365	3365	3347	0.994651	0.400000	0.500000
651270844	798021310	GCF_000214355.1	GCF_000219725.1	61.632555	3365	2875	1307	0.418910	0.400000	0.500000
651270844	930846101	GCF_000214355.1	GCF_016616095.2	64.026157	3365	4120	1556	0.415765	0.400000	0.500000
798021310	651270844	GCF_000219725.1	GCF_000214355.1	61.632555	2875	3365	1307	0.418910	0.400000	0.500000
798021310	798021310	GCF_000219725.1	GCF_000219725.1	100.000000	2875	2875	2837	0.986783	0.400000	0.500000
798021310	930846101	GCF_000219725.1	GCF_016616095.2	63.979036	2875	4120	1462	0.418013	0.400000	0.500000
930846101	651270844	GCF_016616095.2	GCF_000214355.1	64.026157	4120	3365	1556	0.415765	0.400000	0.500000
930846101	798021310	GCF_016616095.2	GCF_000219725.1	63.979036	4120	2875	1462	0.418013	0.400000	0.500000
930846101	930846101	GCF_016616095.2	GCF_016616095.2	100.000000	4120	4120	4118	0.999515	0.400000	0.500000
