ID 1	ID 2	Label 1	Label 2	AAI	CDS count 1	CDS count 2	Matched count	Proteome cov.	ID param.	Cov. param.
399790709	399790709	GCF_000195955.2	GCF_000195955.2	100.000000	3981	3981	3940	0.989701	0.400000	0.500000
399790709	428288942	GCF_000195955.2	GCF_014191505.1	62.499479	3981	4534	1633	0.383558	0.400000	0.500000
428288942	399790709	GCF_014191505.1	GCF_000195955.2	62.499479	4534	3981	1633	0.383558	0.400000	0.500000
428288942	428288942	GCF_014191505.1	GCF_014191505.1	100.000000	4534	4534	4488	0.989854	0.400000	0.500000
