ID 1	ID 2	Label 1	Label 2	AAI	CDS count 1	CDS count 2	Matched count	Proteome cov.	ID param.	Cov. param.
146631549	146631549	GCA_001312805.1	GCA_001312805.1	100.000000	9821	9821	9814	0.999287	0.400000	0.500000
146631549	234647739	GCA_001312805.1	GCF_001189295.1	66.672525	9821	8361	1192	0.131119	0.400000	0.500000
234647739	146631549	GCF_001189295.1	GCA_001312805.1	66.672525	8361	9821	1192	0.131119	0.400000	0.500000
234647739	234647739	GCF_001189295.1	GCF_001189295.1	100.000000	8361	8361	8344	0.997967	0.400000	0.500000
