ID 1	ID 2	Label 1	Label 2	AAI	CDS count 1	CDS count 2	Matched count	Proteome cov.	ID param.	Cov. param.
740811136	740811136	GCF_001941975.1	GCF_001941975.1	100.000000	4635	4635	4606	0.993743	0.400000	0.500000
740811136	116933212	GCF_001941975.1	GCF_003966895.1	69.435228	4635	4191	2058	0.466349	0.400000	0.500000
116933212	740811136	GCF_003966895.1	GCF_001941975.1	69.435228	4191	4635	2058	0.466349	0.400000	0.500000
116933212	116933212	GCF_003966895.1	GCF_003966895.1	100.000000	4191	4191	4155	0.991410	0.400000	0.500000
