ID 1	ID 2	Label 1	Label 2	AAI	CDS count 1	CDS count 2	Matched count	Proteome cov.	ID param.	Cov. param.
699785854	699785854	GCF_000423225.1	GCF_000423225.1	100.000000	4559	4559	4556	0.999342	0.400000	0.500000
699785854	103018499	GCF_000423225.1	GCF_900104485.1	63.492738	4559	4801	2100	0.448718	0.400000	0.500000
103018499	699785854	GCF_900104485.1	GCF_000423225.1	63.492738	4801	4559	2100	0.448718	0.400000	0.500000
103018499	103018499	GCF_900104485.1	GCF_900104485.1	100.000000	4801	4801	4801	1.000000	0.400000	0.500000
