ID 1	ID 2	Label 1	Label 2	AAI	CDS count 1	CDS count 2	Matched count	Proteome cov.	ID param.	Cov. param.
107198165	107198165	GCA_000309075.1	GCA_000309075.1	100.000000	1484	1484	1484	1.000000	0.400000	0.500000
107198165	597931165	GCA_000309075.1	GCF_000367405.1	57.598899	1484	897	545	0.457791	0.400000	0.500000
107198165	78948031	GCA_000309075.1	GCF_900327275.1	63.789443	1484	2575	592	0.291697	0.400000	0.500000
597931165	107198165	GCF_000367405.1	GCA_000309075.1	57.598899	897	1484	545	0.457791	0.400000	0.500000
597931165	597931165	GCF_000367405.1	GCF_000367405.1	100.000000	897	897	897	1.000000	0.400000	0.500000
597931165	78948031	GCF_000367405.1	GCF_900327275.1	54.990766	897	2575	444	0.255760	0.400000	0.500000
78948031	107198165	GCF_900327275.1	GCA_000309075.1	63.789443	2575	1484	592	0.291697	0.400000	0.500000
78948031	597931165	GCF_900327275.1	GCF_000367405.1	54.990766	2575	897	444	0.255760	0.400000	0.500000
78948031	78948031	GCF_900327275.1	GCF_900327275.1	100.000000	2575	2575	2179	0.846214	0.400000	0.500000
