ID 1	ID 2	Label 1	Label 2	AAI	CDS count 1	CDS count 2	Matched count	Proteome cov.	ID param.	Cov. param.
659309503	659309503	GCF_000015205.1	GCF_000015205.1	100.000000	2155	2155	2153	0.999072	0.400000	0.500000
659309503	948660382	GCF_000015205.1	GCF_000253055.1	62.776443	2155	2094	1282	0.603436	0.400000	0.500000
948660382	659309503	GCF_000253055.1	GCF_000015205.1	62.776443	2094	2155	1282	0.603436	0.400000	0.500000
948660382	948660382	GCF_000253055.1	GCF_000253055.1	100.000000	2094	2094	2092	0.999045	0.400000	0.500000
