ID 1	ID 2	Label 1	Label 2	AAI	CDS count 1	CDS count 2	Matched count	Proteome cov.	ID param.	Cov. param.
1007884890	1007884890	GCF_000255295.1	GCF_000255295.1	100.000000	8163	8163	8151	0.998530	0.400000	0.500000
1007884890	870980482	GCF_000255295.1	GCF_019039035.1	73.903809	8163	7390	4922	0.632933	0.400000	0.500000
1007884890	907345708	GCF_000255295.1	GCF_900111765.1	71.509491	8163	8614	5363	0.639328	0.400000	0.500000
870980482	1007884890	GCF_019039035.1	GCF_000255295.1	73.903809	7390	8163	4922	0.632933	0.400000	0.500000
870980482	870980482	GCF_019039035.1	GCF_019039035.1	100.000000	7390	7390	7377	0.998241	0.400000	0.500000
870980482	907345708	GCF_019039035.1	GCF_900111765.1	72.195285	7390	8614	5122	0.640090	0.400000	0.500000
907345708	1007884890	GCF_900111765.1	GCF_000255295.1	71.509491	8614	8163	5363	0.639328	0.400000	0.500000
907345708	870980482	GCF_900111765.1	GCF_019039035.1	72.195285	8614	7390	5122	0.640090	0.400000	0.500000
907345708	907345708	GCF_900111765.1	GCF_900111765.1	100.000000	8614	8614	8610	0.999536	0.400000	0.500000
