ID 1	ID 2	Label 1	Label 2	AAI	CDS count 1	CDS count 2	Matched count	Proteome cov.	ID param.	Cov. param.
659107294	659107294	GCF_003574475.2	GCF_003574475.2	100.000000	1757	1757	1757	1.000000	0.400000	0.500000
659107294	176851643	GCF_003574475.2	GCF_012222965.1	71.829796	1757	1593	1079	0.644179	0.400000	0.500000
176851643	659107294	GCF_012222965.1	GCF_003574475.2	71.829796	1593	1757	1079	0.644179	0.400000	0.500000
176851643	176851643	GCF_012222965.1	GCF_012222965.1	100.000000	1593	1593	1555	0.976146	0.400000	0.500000
