ID 1	ID 2	Label 1	Label 2	AAI	CDS count 1	CDS count 2	Matched count	Proteome cov.	ID param.	Cov. param.
902477288	902477288	GCF_000170895.1	GCF_000170895.1	100.000000	8312	8312	8298	0.998316	0.400000	0.500000
902477288	729007541	GCF_000170895.1	GCF_002343915.1	55.847216	8312	9435	2496	0.281287	0.400000	0.500000
729007541	902477288	GCF_002343915.1	GCF_000170895.1	55.847216	9435	8312	2496	0.281287	0.400000	0.500000
729007541	729007541	GCF_002343915.1	GCF_002343915.1	100.000000	9435	9435	9321	0.987917	0.400000	0.500000
