ID 1	ID 2	Label 1	Label 2	AAI	CDS count 1	CDS count 2	Matched count	Proteome cov.	ID param.	Cov. param.
52471291	52471291	GCF_002797495.1	GCF_002797495.1	100.000000	4073	4073	4072	0.999754	0.400000	0.500000
52471291	78779129	GCF_002797495.1	GCF_003752505.1	61.716304	4073	3905	1745	0.437453	0.400000	0.500000
52471291	248940519	GCF_002797495.1	GCF_014648255.1	59.962701	4073	5275	1870	0.400086	0.400000	0.500000
78779129	52471291	GCF_003752505.1	GCF_002797495.1	61.716304	3905	4073	1745	0.437453	0.400000	0.500000
78779129	78779129	GCF_003752505.1	GCF_003752505.1	100.000000	3905	3905	3896	0.997695	0.400000	0.500000
78779129	248940519	GCF_003752505.1	GCF_014648255.1	63.214519	3905	5275	1963	0.427669	0.400000	0.500000
248940519	52471291	GCF_014648255.1	GCF_002797495.1	59.962701	5275	4073	1870	0.400086	0.400000	0.500000
248940519	78779129	GCF_014648255.1	GCF_003752505.1	63.214519	5275	3905	1963	0.427669	0.400000	0.500000
248940519	248940519	GCF_014648255.1	GCF_014648255.1	100.000000	5275	5275	5273	0.999621	0.400000	0.500000
