ID 1	ID 2	Label 1	Label 2	AAI	CDS count 1	CDS count 2	Matched count	Proteome cov.	ID param.	Cov. param.
318224415	318224415	GCF_000297055.2	GCF_000297055.2	100.000000	3073	3073	3071	0.999349	0.400000	0.500000
318224415	10350693	GCF_000297055.2	GCF_011764585.1	70.849952	3073	3675	2062	0.611144	0.400000	0.500000
10350693	318224415	GCF_011764585.1	GCF_000297055.2	70.849952	3675	3073	2062	0.611144	0.400000	0.500000
10350693	10350693	GCF_011764585.1	GCF_011764585.1	100.000000	3675	3675	3668	0.998095	0.400000	0.500000
