ID 1	ID 2	Label 1	Label 2	AAI	CDS count 1	CDS count 2	Matched count	Proteome cov.	ID param.	Cov. param.
873193694	873193694	GCF_000024325.1	GCF_000024325.1	100.000000	2539	2539	2514	0.990154	0.400000	0.500000
873193694	883030368	GCF_000024325.1	GCF_000620765.1	59.885742	2539	2967	1273	0.462405	0.400000	0.500000
883030368	873193694	GCF_000620765.1	GCF_000024325.1	59.885742	2967	2539	1273	0.462405	0.400000	0.500000
883030368	883030368	GCF_000620765.1	GCF_000620765.1	100.000000	2967	2967	2962	0.998315	0.400000	0.500000
