ID 1	ID 2	Label 1	Label 2	AAI	CDS count 1	CDS count 2	Matched count	Proteome cov.	ID param.	Cov. param.
845880918	845880918	GCF_000428585.1	GCF_000428585.1	100.000000	5314	5314	5240	0.986075	0.400000	0.500000
845880918	216856327	GCF_000428585.1	GCF_011009015.1	63.621065	5314	6056	2630	0.462621	0.400000	0.500000
216856327	845880918	GCF_011009015.1	GCF_000428585.1	63.621065	6056	5314	2630	0.462621	0.400000	0.500000
216856327	216856327	GCF_011009015.1	GCF_011009015.1	100.000000	6056	6056	5906	0.975231	0.400000	0.500000
