ID 1	ID 2	Label 1	Label 2	AAI	CDS count 1	CDS count 2	Matched count	Proteome cov.	ID param.	Cov. param.
755223167	755223167	GCA_019359445.1	GCA_019359445.1	100.000000	4297	4297	4294	0.999302	0.400000	0.500000
755223167	739528962	GCA_019359445.1	GCF_000317515.1	71.955765	4297	6492	2914	0.540180	0.400000	0.500000
739528962	755223167	GCF_000317515.1	GCA_019359445.1	71.955765	6492	4297	2914	0.540180	0.400000	0.500000
739528962	739528962	GCF_000317515.1	GCF_000317515.1	100.000000	6492	6492	6389	0.984134	0.400000	0.500000
