ID 1	ID 2	Label 1	Label 2	AAI	CDS count 1	CDS count 2	Matched count	Proteome cov.	ID param.	Cov. param.
688743011	688743011	GCF_000014145.1	GCF_000014145.1	100.000000	3724	3724	3708	0.995704	0.400000	0.500000
688743011	790290912	GCF_000014145.1	GCF_000426725.1	60.241074	3724	5086	1843	0.418388	0.400000	0.500000
790290912	688743011	GCF_000426725.1	GCF_000014145.1	60.241074	5086	3724	1843	0.418388	0.400000	0.500000
790290912	790290912	GCF_000426725.1	GCF_000426725.1	100.000000	5086	5086	5078	0.998427	0.400000	0.500000
