ID 1	ID 2	Label 1	Label 2	AAI	CDS count 1	CDS count 2	Matched count	Proteome cov.	ID param.	Cov. param.
660113860	660113860	GCF_000015145.1	GCF_000015145.1	100.000000	1825	1825	1824	0.999452	0.400000	0.500000
660113860	637219110	GCF_000015145.1	GCF_000223395.1	59.480118	1825	1983	850	0.446429	0.400000	0.500000
660113860	806376450	GCF_000015145.1	GCF_001462395.1	66.915762	1825	1676	1142	0.652385	0.400000	0.500000
637219110	660113860	GCF_000223395.1	GCF_000015145.1	59.480118	1983	1825	850	0.446429	0.400000	0.500000
637219110	637219110	GCF_000223395.1	GCF_000223395.1	100.000000	1983	1983	1982	0.999496	0.400000	0.500000
637219110	806376450	GCF_000223395.1	GCF_001462395.1	58.745536	1983	1676	896	0.489751	0.400000	0.500000
806376450	660113860	GCF_001462395.1	GCF_000015145.1	66.915762	1676	1825	1142	0.652385	0.400000	0.500000
806376450	637219110	GCF_001462395.1	GCF_000223395.1	58.745536	1676	1983	896	0.489751	0.400000	0.500000
806376450	806376450	GCF_001462395.1	GCF_001462395.1	100.000000	1676	1676	1675	0.999403	0.400000	0.500000
