ID 1	ID 2	Label 1	Label 2	AAI	CDS count 1	CDS count 2	Matched count	Proteome cov.	ID param.	Cov. param.
763696507	763696507	GCF_000235605.1	GCF_000235605.1	100.000000	5451	5451	5421	0.994496	0.400000	0.500000
763696507	62080223	GCF_000235605.1	GCF_000243155.2	65.344168	5451	4153	2092	0.435652	0.400000	0.500000
62080223	763696507	GCF_000243155.2	GCF_000235605.1	65.344168	4153	5451	2092	0.435652	0.400000	0.500000
62080223	62080223	GCF_000243155.2	GCF_000243155.2	100.000000	4153	4153	4137	0.996147	0.400000	0.500000
