ID 1	ID 2	Label 1	Label 2	AAI	CDS count 1	CDS count 2	Matched count	Proteome cov.	ID param.	Cov. param.
378253279	378253279	GCF_000299355.1	GCF_000299355.1	100.000000	3056	3056	3047	0.997055	0.400000	0.500000
378253279	1068251575	GCF_000299355.1	GCF_001855385.1	62.359420	3056	2418	1189	0.434417	0.400000	0.500000
1068251575	378253279	GCF_001855385.1	GCF_000299355.1	62.359420	2418	3056	1189	0.434417	0.400000	0.500000
1068251575	1068251575	GCF_001855385.1	GCF_001855385.1	100.000000	2418	2418	2413	0.997932	0.400000	0.500000
