ID 1	ID 2	Label 1	Label 2	AAI	CDS count 1	CDS count 2	Matched count	Proteome cov.	ID param.	Cov. param.
568566117	568566117	GCF_000018785.1	GCF_000018785.1	100.000000	1405	1405	1405	1.000000	0.400000	0.500000
568566117	238966561	GCF_000018785.1	GCF_016865445.1	57.959819	1405	1786	718	0.450016	0.400000	0.500000
568566117	71583343	GCF_000018785.1	GCF_900660745.1	58.482908	1405	1721	705	0.451056	0.400000	0.500000
238966561	568566117	GCF_016865445.1	GCF_000018785.1	57.959819	1786	1405	718	0.450016	0.400000	0.500000
238966561	238966561	GCF_016865445.1	GCF_016865445.1	100.000000	1786	1786	1778	0.995521	0.400000	0.500000
238966561	71583343	GCF_016865445.1	GCF_900660745.1	59.338646	1786	1721	709	0.404334	0.400000	0.500000
71583343	568566117	GCF_900660745.1	GCF_000018785.1	58.482908	1721	1405	705	0.451056	0.400000	0.500000
71583343	238966561	GCF_900660745.1	GCF_016865445.1	59.338646	1721	1786	709	0.404334	0.400000	0.500000
71583343	71583343	GCF_900660745.1	GCF_900660745.1	100.000000	1721	1721	1656	0.962231	0.400000	0.500000
