ID 1	ID 2	Label 1	Label 2	AAI	CDS count 1	CDS count 2	Matched count	Proteome cov.	ID param.	Cov. param.
988880700	988880700	GCF_011174675.1	GCF_011174675.1	100.000000	3467	3467	3466	0.999712	0.400000	0.500000
988880700	574130372	GCF_011174675.1	GCF_013265555.1	62.295090	3467	2621	1609	0.528581	0.400000	0.500000
574130372	988880700	GCF_013265555.1	GCF_011174675.1	62.295090	2621	3467	1609	0.528581	0.400000	0.500000
574130372	574130372	GCF_013265555.1	GCF_013265555.1	100.000000	2621	2621	2618	0.998855	0.400000	0.500000
