ID 1	ID 2	Label 1	Label 2	AAI	CDS count 1	CDS count 2	Matched count	Proteome cov.	ID param.	Cov. param.
998956028	998956028	GCF_000974685.2	GCF_000974685.2	100.000000	2629	2629	2609	0.992393	0.400000	0.500000
998956028	382051261	GCF_000974685.2	GCF_021654335.1	72.291043	2629	2608	1524	0.582013	0.400000	0.500000
382051261	998956028	GCF_021654335.1	GCF_000974685.2	72.291043	2608	2629	1524	0.582013	0.400000	0.500000
382051261	382051261	GCF_021654335.1	GCF_021654335.1	100.000000	2608	2608	2607	0.999617	0.400000	0.500000
